total_cost,violation,violating_hours,max_gap
84369.45492843153,False,0,0.0
83852.83187130722,False,0,0.0
83650.5299801959,False,0,0.0
82498.9883729991,False,0,0.0
84467.67050934873,False,0,0.0
83578.29959402088,False,0,0.0
84205.67655040466,False,0,0.0
83701.17869680251,False,0,0.0
83930.51233681358,False,0,0.0
83273.32855372375,False,0,0.0
83187.41048904214,False,0,0.0
83355.87542110815,False,0,0.0
83703.88049237948,False,0,0.0
82959.04439035905,False,0,0.0
83744.57011862847,False,0,0.0
83387.59280845203,False,0,0.0
83865.41498678151,False,0,0.0
84031.34388848022,False,0,0.0
83530.99552159215,False,0,0.0
83436.58641043832,False,0,0.0
84188.47418991983,False,0,0.0
83259.56808400824,False,0,0.0
84433.15490789259,False,0,0.0
84661.1177450832,False,0,0.0
84168.01358510175,False,0,0.0
83242.00892364477,False,0,0.0
83332.77392377169,False,0,0.0
84091.1183117507,False,0,0.0
82688.53167119887,False,0,0.0
83415.14368293606,False,0,0.0
84311.98482354652,False,0,0.0
82660.02354668762,False,0,0.0
82796.15113200014,False,0,0.0
84317.19954486082,False,0,0.0
83051.40537083603,True,1,518.8370799999993
83557.54823533044,False,0,0.0
84065.81595281967,False,0,0.0
82781.40618516208,False,0,0.0
83259.49928726646,False,0,0.0
82707.24360606525,False,0,0.0
83580.76886873905,False,0,0.0
83823.28260564223,False,0,0.0
82515.99399599798,False,0,0.0
83109.13689036615,False,0,0.0
83011.76216024303,False,0,0.0
83852.32496488062,False,0,0.0
83235.78086274248,False,0,0.0
83839.97784333584,False,0,0.0
85073.07621879544,False,0,0.0
82797.53614693812,False,0,0.0
83468.63169406203,False,0,0.0
83370.09671261958,False,0,0.0
83802.3480234757,False,0,0.0
84420.50744633604,False,0,0.0
82935.39990896458,False,0,0.0
83028.03932686763,False,0,0.0
83915.56456555284,False,0,0.0
84021.15442215862,False,0,0.0
83784.9246251317,False,0,0.0
82962.70638369436,False,0,0.0
83631.92057390691,False,0,0.0
83210.01764722214,False,0,0.0
83334.86877040332,False,0,0.0
83881.57257711847,False,0,0.0
82807.2188833324,False,0,0.0
83806.90708431278,False,0,0.0
84274.20882823251,False,0,0.0
83696.67547467255,False,0,0.0
83841.57362862496,False,0,0.0
84046.60120346342,False,0,0.0
82721.22272883168,False,0,0.0
82990.76001267604,False,0,0.0
83885.73244729708,False,0,0.0
82438.32590497675,False,0,0.0
82922.57290544122,False,0,0.0
84036.22247346566,False,0,0.0
83999.18249190098,True,1,710.0171000000009
84038.08299081636,False,0,0.0
83255.42774502447,False,0,0.0
83970.23585539941,False,0,0.0
83285.11745566569,False,0,0.0
84290.82057999237,False,0,0.0
84082.9892959269,False,0,0.0
84332.04271524152,False,0,0.0
83494.84527708424,False,0,0.0
84108.32879871124,False,0,0.0
83487.05274242339,False,0,0.0
83006.76699160156,False,0,0.0
83741.98202102374,False,0,0.0
83939.87964684203,False,0,0.0
82618.65512543597,False,0,0.0
83148.53793043832,False,0,0.0
83612.54406990368,False,0,0.0
84080.19321778984,False,0,0.0
83605.25139181734,False,0,0.0
82571.59726151354,False,0,0.0
83816.88125390557,False,0,0.0
84941.93587136218,False,0,0.0
82787.97297089625,False,0,0.0
83237.61925548199,False,0,0.0
82936.92133866985,False,0,0.0
84264.52029614797,False,0,0.0
84828.22686883382,True,1,152.6020210000006
83513.18086159867,False,0,0.0
82793.4907066625,False,0,0.0
83802.17273675228,False,0,0.0
82995.43270283329,False,0,0.0
83937.01618778947,False,0,0.0
83470.62816567619,False,0,0.0
83682.00043904205,False,0,0.0
83961.8295416277,False,0,0.0
83860.40928624917,False,0,0.0
84569.31329157823,False,0,0.0
83336.6082823411,False,0,0.0
84293.78093663424,False,0,0.0
83675.35900005599,False,0,0.0
83465.38028820198,False,0,0.0
84614.56007015458,False,0,0.0
83166.80978816412,False,0,0.0
83930.37733302217,False,0,0.0
83402.44232190776,False,0,0.0
84134.43330302447,True,1,277.0137589999995
84417.8905033124,False,0,0.0
84474.59491817707,False,0,0.0
83550.62582156717,False,0,0.0
83732.94975258439,False,0,0.0
85236.04152123256,False,0,0.0
84333.64500828653,False,0,0.0
83916.65426682813,False,0,0.0
83943.15115354252,False,0,0.0
83362.88054730033,False,0,0.0
83788.93322299153,False,0,0.0
83517.74880996523,False,0,0.0
82540.68471893546,False,0,0.0
83921.01346962273,False,0,0.0
83070.0849102367,False,0,0.0
84223.71497545968,False,0,0.0
84768.90601421012,False,0,0.0
82607.39553168144,False,0,0.0
82400.44053473542,False,0,0.0
84282.0359712065,False,0,0.0
84003.35146356729,False,0,0.0
83952.69262211416,False,0,0.0
83204.30774202624,False,0,0.0
84279.50747868027,False,0,0.0
83791.30775924624,False,0,0.0
84344.3606974502,False,0,0.0
82591.15500039031,False,0,0.0
83134.36739341024,False,0,0.0
83463.5364513091,False,0,0.0
83417.31160909691,False,0,0.0
84424.12372182589,False,0,0.0
82749.23690704291,False,0,0.0
83167.59689897034,False,0,0.0
83850.34874831811,False,0,0.0
83962.0194124893,False,0,0.0
82696.7081207486,False,0,0.0
83497.20131457692,False,0,0.0
82950.67232943463,False,0,0.0
84026.75017003085,False,0,0.0
83089.15023176046,False,0,0.0
83658.22913690009,False,0,0.0
83474.84460773668,False,0,0.0
82945.79493457975,False,0,0.0
83345.19857004445,False,0,0.0
83815.17706435712,False,0,0.0
84253.04154468584,False,0,0.0
83510.90262786744,False,0,0.0
84247.73448320173,False,0,0.0
84500.47341378563,False,0,0.0
83367.11485869519,False,0,0.0
84496.97638318609,False,0,0.0
83433.75936183409,False,0,0.0
82689.26643606147,False,0,0.0
84283.37991333031,False,0,0.0
83617.19515197014,False,0,0.0
84230.86523083836,False,0,0.0
82766.1121118571,False,0,0.0
83241.77207269761,False,0,0.0
82522.72175922732,False,0,0.0
82871.84061768715,False,0,0.0
83294.92964618429,False,0,0.0
83741.4389332686,False,0,0.0
83766.3806595849,False,0,0.0
84096.31466418061,False,0,0.0
84313.56941062605,False,0,0.0
84304.86436438264,False,0,0.0
84476.29056481032,False,0,0.0
82941.86123317677,False,0,0.0
83751.06047431446,False,0,0.0
83075.5896896398,False,0,0.0
84261.87699196447,False,0,0.0
83270.34364507199,False,0,0.0
82982.20319169696,False,0,0.0
83358.97512966872,False,0,0.0
83434.72589687142,False,0,0.0
82840.28743577829,False,0,0.0
83867.54278712047,False,0,0.0
82788.56246598758,False,0,0.0
83485.67752352578,False,0,0.0
83578.86889683336,False,0,0.0
84284.62541368493,False,0,0.0
83404.72606421905,False,0,0.0
83687.99233815772,False,0,0.0
82379.37200460667,False,0,0.0
83111.83029312445,False,0,0.0
83407.85576155028,False,0,0.0
82761.41852875278,False,0,0.0
83145.11484704266,False,0,0.0
84208.51396474896,False,0,0.0
83373.66363123037,False,0,0.0
84002.83757174332,False,0,0.0
84035.95176645514,False,0,0.0
83035.09287590286,False,0,0.0
84856.28292053376,False,0,0.0
82621.53115433815,False,0,0.0
83400.52172827016,False,0,0.0
84804.17033771958,False,0,0.0
83795.48836328529,False,0,0.0
83413.74773730173,False,0,0.0
84410.756234264,False,0,0.0
83588.14408532885,False,0,0.0
82931.07626036587,False,0,0.0
84098.80505257935,False,0,0.0
83365.27835409757,False,0,0.0
83619.47240113361,False,0,0.0
83163.64712189203,False,0,0.0
84001.7486590067,False,0,0.0
82695.33399568594,False,0,0.0
83388.65336032138,False,0,0.0
84180.94197430731,False,0,0.0
83787.0080100817,False,0,0.0
83534.0235933158,False,0,0.0
83816.99891311185,False,0,0.0
84356.33570673819,False,0,0.0
83008.03897337416,False,0,0.0
83482.43367666422,False,0,0.0
82729.88109172593,False,0,0.0
83742.38745298624,False,0,0.0
84070.52634807848,False,0,0.0
83651.03235515562,False,0,0.0
84119.2219510643,False,0,0.0
83984.04980641193,False,0,0.0
83588.2085843168,False,0,0.0
84297.59285821085,False,0,0.0
83228.78605668286,False,0,0.0
83801.36869172662,False,0,0.0
84215.30943412366,False,0,0.0
82801.00218642993,False,0,0.0
83891.5378396903,False,0,0.0
82429.06649193336,False,0,0.0
83655.86888265659,False,0,0.0
83160.1379113355,False,0,0.0
83360.72196486659,False,0,0.0
83779.3399171737,False,0,0.0
83758.96490231558,False,0,0.0
81965.83926068046,False,0,0.0
84058.52856433272,False,0,0.0
83922.2213162576,False,0,0.0
83368.68348135121,False,0,0.0
83897.07350659845,False,0,0.0
83615.5184067718,False,0,0.0
83315.00940226353,False,0,0.0
83378.5117307586,False,0,0.0
82515.1617974292,False,0,0.0
83402.75594703741,False,0,0.0
84094.03092241852,False,0,0.0
83519.95057140385,False,0,0.0
83559.28222176878,False,0,0.0
83641.27318729967,False,0,0.0
83330.08531512307,False,0,0.0
82712.64797975635,False,0,0.0
83460.92938368046,False,0,0.0
83257.93212480424,False,0,0.0
83956.36006937272,False,0,0.0
83851.01013820888,False,0,0.0
84146.60872599976,False,0,0.0
83182.276862598,False,0,0.0
82504.62883437332,False,0,0.0
84047.0787342127,False,0,0.0
83713.94798908706,False,0,0.0
82293.43587535474,False,0,0.0
83854.15236475866,False,0,0.0
82522.15289528604,False,0,0.0
83680.02267310249,False,0,0.0
83400.37644794502,False,0,0.0
83593.12738743346,False,0,0.0
81839.9925313082,False,0,0.0
84312.22358087728,False,0,0.0
83495.32812983249,False,0,0.0
84069.58051514081,False,0,0.0
83999.99408217505,False,0,0.0
83442.73328531852,False,0,0.0
83501.23713518525,False,0,0.0
82967.44965611733,False,0,0.0
83607.17988582014,False,0,0.0
82740.42815459878,False,0,0.0
83759.69395627952,False,0,0.0
83439.25728206529,False,0,0.0
84094.26128166376,False,0,0.0
84092.64163672362,False,0,0.0
84584.65990403735,False,0,0.0
83049.59319778891,False,0,0.0
84661.25221577566,False,0,0.0
83923.97369913175,False,0,0.0
83032.01887582298,False,0,0.0
82687.30562938802,False,0,0.0
83400.64635247935,False,0,0.0
83137.38821624604,False,0,0.0
82885.17930439793,False,0,0.0
83668.15631819601,False,0,0.0
84373.56328212004,False,0,0.0
83015.35863099381,False,0,0.0
83355.25769868317,False,0,0.0
83765.11760081533,False,0,0.0
82682.53447166004,False,0,0.0
85185.40891262107,False,0,0.0
83207.71925243773,False,0,0.0
83218.23597530382,False,0,0.0
83605.75084055788,False,0,0.0
83646.30801575423,False,0,0.0
83760.11177292385,False,0,0.0
83378.44522610295,False,0,0.0
84423.36607110407,False,0,0.0
83125.24052357541,False,0,0.0
83509.36043885032,False,0,0.0
84553.75291776998,False,0,0.0
83252.04155160845,False,0,0.0
83608.75164518255,False,0,0.0
83218.36925803602,False,0,0.0
83723.10551520341,False,0,0.0
83809.99410700524,False,0,0.0
83008.48119058862,False,0,0.0
83737.1526901754,False,0,0.0
82712.94712756154,False,0,0.0
84353.81874708412,False,0,0.0
83558.5702788634,False,0,0.0
83838.23112054956,False,0,0.0
83754.71846635727,False,0,0.0
84109.447664967,False,0,0.0
82429.13425221966,False,0,0.0
83524.79185550156,False,0,0.0
83788.36987986055,False,0,0.0
84671.51578491586,False,0,0.0
83145.88808763212,False,0,0.0
83513.2109397851,False,0,0.0
83047.05091482084,False,0,0.0
84203.81390703778,False,0,0.0
83718.88909588857,False,0,0.0
83322.42357650927,False,0,0.0
84294.5121207829,False,0,0.0
83348.98194902117,False,0,0.0
83096.77284015444,False,0,0.0
81710.73755753279,False,0,0.0
83750.57170273937,False,0,0.0
83434.16407125478,False,0,0.0
83109.9896030029,False,0,0.0
83663.69160000503,False,0,0.0
83166.49267665761,False,0,0.0
82549.0812738452,False,0,0.0
84697.45433993144,False,0,0.0
83782.90242288394,False,0,0.0
83123.33994506494,False,0,0.0
83000.13400667405,False,0,0.0
82228.10028189397,False,0,0.0
83314.65775886968,False,0,0.0
83250.07264219763,False,0,0.0
83349.91999847147,False,0,0.0
83467.43021999855,False,0,0.0
83788.84088812588,False,0,0.0
84999.70560516155,False,0,0.0
83633.20579488034,False,0,0.0
82837.52113139426,False,0,0.0
82652.08499553634,False,0,0.0
83565.02749564455,False,0,0.0
83090.96238814874,False,0,0.0
83681.41816716839,False,0,0.0
83533.42787920462,False,0,0.0
83540.25240391525,False,0,0.0
82352.80920365316,False,0,0.0
82916.24652857138,False,0,0.0
82847.85440308934,False,0,0.0
83568.34661531312,False,0,0.0
83533.62107618638,False,0,0.0
84395.3633227632,False,0,0.0
84395.08608827807,False,0,0.0
83341.67161610755,False,0,0.0
83071.59379632577,False,0,0.0
82841.26360790798,False,0,0.0
84197.84927084978,False,0,0.0
84280.60085404961,False,0,0.0
83133.01788743724,False,0,0.0
82793.4030578423,False,0,0.0
83491.54813988281,False,0,0.0
82973.37294786675,False,0,0.0
83233.62525565276,False,0,0.0
83687.12327941698,False,0,0.0
82849.40976545018,False,0,0.0
83271.4237970099,False,0,0.0
83834.5799262296,False,0,0.0
83716.37191383228,False,0,0.0
83179.96265026426,False,0,0.0
83353.9103180782,False,0,0.0
81596.54726386163,False,0,0.0
84293.69891498171,False,0,0.0
84884.45928178256,False,0,0.0
82167.59625046016,False,0,0.0
84581.77418836765,False,0,0.0
82860.93075307243,False,0,0.0
83711.12852871427,False,0,0.0
84127.17266104397,False,0,0.0
82587.75058378676,False,0,0.0
82670.52987233258,False,0,0.0
84475.63133450985,False,0,0.0
82779.17884529565,False,0,0.0
82528.09229989233,False,0,0.0
84306.4270394028,False,0,0.0
83266.02675152986,False,0,0.0
83145.36102541057,False,0,0.0
83731.35470716032,False,0,0.0
83677.74887128228,False,0,0.0
83726.51617160236,False,0,0.0
84340.85059006815,False,0,0.0
83045.77641448216,False,0,0.0
83990.18172044284,False,0,0.0
84074.48089092685,False,0,0.0
84148.0227732691,False,0,0.0
84354.41729911733,False,0,0.0
83605.84436780532,False,0,0.0
83040.83272603605,False,0,0.0
82829.45185464909,False,0,0.0
83053.90023678032,False,0,0.0
82989.35658829828,False,0,0.0
83630.95484254899,False,0,0.0
84166.92815819854,False,0,0.0
83328.73893803798,False,0,0.0
83002.57685518084,False,0,0.0
83766.73161933557,False,0,0.0
83851.71002547059,False,0,0.0
83714.04093728532,False,0,0.0
82649.66359307524,False,0,0.0
84332.53857533501,False,0,0.0
83038.84053109502,False,0,0.0
84160.99593446209,False,0,0.0
83087.29768134365,False,0,0.0
82630.56463020056,False,0,0.0
83146.81986125711,False,0,0.0
82890.02194562688,False,0,0.0
83286.59717526389,False,0,0.0
83666.93699045642,False,0,0.0
83025.69580810683,False,0,0.0
83422.37601705958,False,0,0.0
83359.12129580474,False,0,0.0
83385.07562453576,False,0,0.0
83761.46201366183,False,0,0.0
83309.0867032592,False,0,0.0
83381.20686118808,False,0,0.0
83091.58197711248,False,0,0.0
83754.30794344467,False,0,0.0
83716.82675176393,False,0,0.0
83923.27998414863,False,0,0.0
83304.70360724363,False,0,0.0
83465.4192958035,False,0,0.0
83935.00515392653,False,0,0.0
84489.4343580094,False,0,0.0
83085.16064569377,False,0,0.0
83792.97223062944,False,0,0.0
82903.94313771572,False,0,0.0
83164.47306204854,False,0,0.0
83205.28666932974,False,0,0.0
83295.14723355186,False,0,0.0
84248.15858200606,False,0,0.0
83232.80560760907,False,0,0.0
82989.72925420036,False,0,0.0
84154.24292493491,False,0,0.0
83305.36705419174,False,0,0.0
84010.4900551936,False,0,0.0
83728.98136745057,False,0,0.0
83823.30986012613,False,0,0.0
83517.93446122977,False,0,0.0
83456.37219508411,False,0,0.0
83277.2613243429,False,0,0.0
84138.06141963958,False,0,0.0
82224.5407487725,False,0,0.0
83493.0598032197,False,0,0.0
82944.22907460513,False,0,0.0
84288.88811842407,False,0,0.0
83548.8028896064,False,0,0.0
84117.16215876734,False,0,0.0
85101.2873617959,False,0,0.0
84048.13065112366,False,0,0.0
82573.09110062128,False,0,0.0
84507.48884992175,False,0,0.0
82823.1685249066,False,0,0.0
83073.00269686672,False,0,0.0
83376.21138169403,False,0,0.0
83595.02745292729,False,0,0.0
84368.79557958976,False,0,0.0
84608.79871263303,False,0,0.0
84474.91712435747,False,0,0.0
83148.73162708117,False,0,0.0
82789.4801367419,False,0,0.0
84700.27439441317,False,0,0.0
83388.36331430475,False,0,0.0
83217.7788743601,False,0,0.0
83357.20766650769,False,0,0.0
85370.22751289999,False,0,0.0
82962.41372592922,False,0,0.0
82872.84231015941,False,0,0.0
83411.68649008489,False,0,0.0
83359.51666728134,False,0,0.0
83968.12720692842,False,0,0.0
82668.28365880769,False,0,0.0
83681.97132522642,False,0,0.0
83454.64150998727,False,0,0.0
82838.61609979949,False,0,0.0
84086.20423348683,False,0,0.0
83126.86324461427,False,0,0.0
84710.31512159912,False,0,0.0
83844.23577709743,False,0,0.0
83329.56427383362,False,0,0.0
83141.51146095578,False,0,0.0
82707.79406577683,False,0,0.0
83513.42308502035,False,0,0.0
84092.0123435703,False,0,0.0
83813.94611882843,False,0,0.0
84222.65055841199,False,0,0.0
83765.24787191438,False,0,0.0
83751.51751568752,False,0,0.0
83818.93139233539,False,0,0.0
84765.38360792722,False,0,0.0
83348.30463909441,False,0,0.0
82389.64688546938,False,0,0.0
83272.87626280362,False,0,0.0
82936.3637990786,False,0,0.0
82867.00465146956,False,0,0.0
83042.04156900129,False,0,0.0
83575.68351572641,False,0,0.0
83236.81702903596,False,0,0.0
83453.03156820705,False,0,0.0
83507.28872458811,False,0,0.0
82798.20167186475,False,0,0.0
83135.23679294015,False,0,0.0
82830.23926518077,False,0,0.0
83600.23548610829,False,0,0.0
84494.73430818661,False,0,0.0
84199.22721643123,False,0,0.0
83049.65803637722,False,0,0.0
83285.48955897512,False,0,0.0
83214.82439342194,False,0,0.0
83134.63079599044,False,0,0.0
84469.00470720074,False,0,0.0
84258.39995626593,False,0,0.0
84085.09979352224,False,0,0.0
83292.5282300409,False,0,0.0
83134.06205773445,False,0,0.0
83137.72902285059,False,0,0.0
82780.60537425501,False,0,0.0
83561.67401546668,False,0,0.0
82886.71050483562,False,0,0.0
82986.39431484908,False,0,0.0
83367.73607145943,False,0,0.0
82908.2743934297,False,0,0.0
84601.70792000857,False,0,0.0
82958.66935970655,False,0,0.0
84234.75607953529,False,0,0.0
83202.71940193546,False,0,0.0
83208.45063533651,False,0,0.0
83370.71330682257,False,0,0.0
84063.06725029249,False,0,0.0
82349.45281686807,False,0,0.0
83950.5686953064,False,0,0.0
83011.46541921145,False,0,0.0
82823.1565787082,False,0,0.0
84300.9745028354,False,0,0.0
83281.29508108509,False,0,0.0
84010.61944038261,False,0,0.0
83921.84757222583,False,0,0.0
84046.15465592765,False,0,0.0
83658.7187763007,False,0,0.0
83228.26509537455,False,0,0.0
83909.96719214716,False,0,0.0
83488.04509536352,False,0,0.0
83211.97176594834,False,0,0.0
82248.93063494898,False,0,0.0
84645.34870156703,False,0,0.0
82357.37883122824,False,0,0.0
84440.81211358932,False,0,0.0
83161.93684983521,False,0,0.0
83284.8981302334,False,0,0.0
83852.54217036272,False,0,0.0
83830.6954049369,False,0,0.0
83725.84003958166,False,0,0.0
84084.57755847136,False,0,0.0
83722.20141746517,False,0,0.0
83712.8038938448,False,0,0.0
84420.66540773248,False,0,0.0
83198.0548331353,False,0,0.0
83513.84915321672,False,0,0.0
83769.98653832538,False,0,0.0
83812.86921037907,False,0,0.0
83414.8430723139,False,0,0.0
83730.89736444375,False,0,0.0
82925.57860813705,False,0,0.0
84186.53105098108,False,0,0.0
84302.60402675922,False,0,0.0
83890.34902009832,False,0,0.0
83147.80042336741,False,0,0.0
84195.51728843246,False,0,0.0
83677.22508939901,False,0,0.0
82494.2635601651,False,0,0.0
83443.70988876156,False,0,0.0
82440.14333993534,False,0,0.0
84479.82784793957,False,0,0.0
83389.131952719,False,0,0.0
84912.57259160538,False,0,0.0
84214.80649309701,False,0,0.0
84226.0111439713,False,0,0.0
82921.81436286165,False,0,0.0
83594.09869151303,False,0,0.0
83776.11999023512,False,0,0.0
83328.58359120974,False,0,0.0
83259.847444327,False,0,0.0
84449.69336297328,False,0,0.0
83741.24854476651,False,0,0.0
83306.99825017664,False,0,0.0
83608.3011372773,False,0,0.0
83634.54339521051,False,0,0.0
83717.98986556903,False,0,0.0
83188.3989754935,False,0,0.0
83571.95715419928,False,0,0.0
84344.83890775572,True,1,710.0171000000009
83356.04069262046,False,0,0.0
83702.11602021131,False,0,0.0
83934.33150066793,False,0,0.0
82220.27191510002,False,0,0.0
83800.99932282511,False,0,0.0
83212.27326595032,False,0,0.0
84263.37119951288,False,0,0.0
83786.4395017963,False,0,0.0
83463.656172924,False,0,0.0
82022.18078656647,False,0,0.0
83043.52863905931,False,0,0.0
84718.3090345684,False,0,0.0
82584.68477539677,False,0,0.0
83572.46865001699,False,0,0.0
83572.0750903927,False,0,0.0
83574.04624006042,False,0,0.0
84199.42641745167,False,0,0.0
84614.19089258753,False,0,0.0
84090.50321071228,False,0,0.0
82967.58217180772,False,0,0.0
82952.36815230321,False,0,0.0
83771.960628128,False,0,0.0
83410.67298761127,False,0,0.0
82798.88590485217,False,0,0.0
83046.87074039695,False,0,0.0
82677.92530806245,False,0,0.0
84357.50295678867,False,0,0.0
84734.20927812804,False,0,0.0
83237.06061486687,False,0,0.0
82968.31326644891,False,0,0.0
84009.86346738096,False,0,0.0
83294.57319437688,False,0,0.0
83089.25807052077,False,0,0.0
83130.53042081802,False,0,0.0
84019.58011193827,False,0,0.0
83394.54368996593,False,0,0.0
83014.35146209341,False,0,0.0
83161.61313353195,False,0,0.0
83383.83517262482,False,0,0.0
83553.72320241292,False,0,0.0
83904.59797922152,False,0,0.0
83538.62843479344,False,0,0.0
84120.687289006,False,0,0.0
83094.97796551953,False,0,0.0
83662.70698689992,False,0,0.0
83728.34528616758,False,0,0.0
83240.13517436883,False,0,0.0
82828.2944024897,False,0,0.0
83013.00618022995,False,0,0.0
83439.98701046305,False,0,0.0
84408.54470689417,False,0,0.0
83784.87729515528,False,0,0.0
82942.93589058542,False,0,0.0
83324.7547383505,False,0,0.0
84058.49972177752,False,0,0.0
83168.07305907285,False,0,0.0
84308.0836924658,False,0,0.0
83949.1222688123,False,0,0.0
82792.0474097969,False,0,0.0
82856.60210040593,False,0,0.0
82591.44946793784,False,0,0.0
84441.82015962772,False,0,0.0
84211.19434731061,False,0,0.0
83931.98980672215,False,0,0.0
83562.08184329848,False,0,0.0
83148.90519466766,False,0,0.0
83260.36767662806,False,0,0.0
84327.53296700711,False,0,0.0
83546.92596928496,False,0,0.0
83981.32206740722,False,0,0.0
84483.33109914331,False,0,0.0
82393.43859496806,False,0,0.0
84290.04319810135,False,0,0.0
84307.61399547031,False,0,0.0
83892.88063465318,False,0,0.0
84902.44362868869,False,0,0.0
82222.34623758691,False,0,0.0
83030.35062045435,False,0,0.0
84028.05160231268,False,0,0.0
84110.14599145405,False,0,0.0
83425.55086054828,False,0,0.0
82782.2028877847,False,0,0.0
84205.17503448756,False,0,0.0
83649.26004914459,False,0,0.0
82911.50899198711,False,0,0.0
83375.97535214061,False,0,0.0
82665.05990436237,False,0,0.0
84934.3814460529,False,0,0.0
83764.94911108064,False,0,0.0
82842.39631361255,False,0,0.0
83867.22911041134,False,0,0.0
83657.97532934516,False,0,0.0
83668.29885657952,False,0,0.0
83623.8318849018,False,0,0.0
83199.66420085728,False,0,0.0
85558.81241627902,False,0,0.0
85056.38651007687,False,0,0.0
83662.87259792845,False,0,0.0
82802.98735059108,False,0,0.0
84196.59588769573,False,0,0.0
83340.66499607482,False,0,0.0
83668.6100224077,False,0,0.0
83198.5158532346,False,0,0.0
83444.11024256889,False,0,0.0
84007.19859960835,False,0,0.0
82700.05391088699,False,0,0.0
83459.5498613019,False,0,0.0
83481.48637647397,False,0,0.0
83669.25718263097,False,0,0.0
83510.69740202231,False,0,0.0
84596.14222473922,False,0,0.0
82821.91361344152,False,0,0.0
84781.01912328317,False,0,0.0
83267.18498582319,False,0,0.0
84680.20053790434,False,0,0.0
83902.75169331435,False,0,0.0
83502.37882611806,False,0,0.0
84512.49596838222,False,0,0.0
83167.8793810242,False,0,0.0
83735.77845619994,False,0,0.0
82690.01387520149,False,0,0.0
84637.64561968969,False,0,0.0
84709.86628427955,False,0,0.0
84212.84363152356,False,0,0.0
84508.67140121105,False,0,0.0
82988.18313664621,False,0,0.0
82670.64112946158,False,0,0.0
82702.9044862017,False,0,0.0
83360.41408369613,False,0,0.0
84113.10430987152,False,0,0.0
84083.05972535833,False,0,0.0
84094.29939782454,False,0,0.0
83792.89789962335,False,0,0.0
83387.24135970167,False,0,0.0
83410.89312408415,False,0,0.0
83090.13357462232,False,0,0.0
84666.9534221612,False,0,0.0
83447.99751127498,False,0,0.0
83737.92551951483,False,0,0.0
82883.41959214062,False,0,0.0
83747.48861746352,False,0,0.0
83496.9852044805,False,0,0.0
83211.10929527071,False,0,0.0
82745.8428086355,False,0,0.0
83758.86200137573,False,0,0.0
82939.08099224386,False,0,0.0
83676.65847248364,False,0,0.0
83435.49974795204,False,0,0.0
84253.2808713545,False,0,0.0
83670.47633063734,False,0,0.0
84575.03344474373,False,0,0.0
82938.500976017,False,0,0.0
83870.81109776007,False,0,0.0
83271.60081042179,False,0,0.0
84065.4683556791,False,0,0.0
84246.63162952338,False,0,0.0
84432.70465702689,False,0,0.0
83136.07128642555,False,0,0.0
83247.43971157348,False,0,0.0
83718.85951111952,False,0,0.0
82821.03706653605,False,0,0.0
83629.09607571058,False,0,0.0
83245.65774778866,False,0,0.0
81858.29134390433,False,0,0.0
84137.48579657264,False,0,0.0
83107.46419862591,False,0,0.0
83140.30551715914,False,0,0.0
83154.49514675993,False,0,0.0
82395.7763597529,False,0,0.0
83541.69586476292,False,0,0.0
83345.72722247799,False,0,0.0
84148.83475923489,False,0,0.0
83044.3633277342,False,0,0.0
83232.18215019708,False,0,0.0
84327.98407044302,False,0,0.0
83418.71519410276,False,0,0.0
84015.94895783084,False,0,0.0
83461.69177116227,False,0,0.0
84377.38183078801,False,0,0.0
84050.91558592553,False,0,0.0
84042.653221377,False,0,0.0
82923.01463994199,False,0,0.0
83888.15035285364,False,0,0.0
83348.26424437173,False,0,0.0
82659.19382555131,False,0,0.0
83600.20057281663,False,0,0.0
83551.76633199546,False,0,0.0
83611.17038974087,False,0,0.0
83411.09606923154,False,0,0.0
82964.60535438568,False,0,0.0
83027.99368562379,False,0,0.0
82999.01128611632,False,0,0.0
83482.43145500743,False,0,0.0
83252.69086626261,False,0,0.0
83823.02198775634,False,0,0.0
83013.65996065192,False,0,0.0
83148.42714096655,False,0,0.0
83616.19542736042,True,1,1.8189894035458565e-12
83958.16399414715,False,0,0.0
83450.0072754979,False,0,0.0
83244.00824235068,False,0,0.0
83667.2474749488,False,0,0.0
83654.171462544,False,0,0.0
82765.27045889563,False,0,0.0
83975.45824499537,False,0,0.0
83339.4994174394,False,0,0.0
84126.73811736002,False,0,0.0
82914.45578213244,False,0,0.0
83185.73465585231,True,1,53.97950800000035
82984.05151983688,False,0,0.0
83922.75909597355,False,0,0.0
83245.13261884545,False,0,0.0
83438.43033007636,False,0,0.0
84213.49724398737,False,0,0.0
84855.3889124227,False,0,0.0
82505.85597483863,False,0,0.0
83655.21290923851,False,0,0.0
83695.55904042075,False,0,0.0
84287.53334957916,False,0,0.0
81819.05038563805,False,0,0.0
84179.1829525927,False,0,0.0
83576.75910974106,False,0,0.0
83307.81947933856,False,0,0.0
83065.12556376164,False,0,0.0
82997.28067262727,False,0,0.0
84029.42233861462,False,0,0.0
83088.73709469635,False,0,0.0
83358.79830997257,False,0,0.0
83173.25190122375,False,0,0.0
83282.97790948232,False,0,0.0
83711.98719858116,False,0,0.0
84765.41513589688,False,0,0.0
84619.76400776276,False,0,0.0
83529.09241508965,False,0,0.0
83988.31986448783,False,0,0.0
82744.94172918235,False,0,0.0
83054.72867823936,False,0,0.0
84219.73455462288,False,0,0.0
82874.98013123672,False,0,0.0
82264.77451167788,False,0,0.0
83764.4628536749,False,0,0.0
83656.64534788075,False,0,0.0
82807.13826356789,False,0,0.0
82836.96745668325,False,0,0.0
83438.06560198471,False,0,0.0
83188.0887405742,False,0,0.0
82846.48384304086,False,0,0.0
84541.80733417536,False,0,0.0
82986.10925398135,False,0,0.0
84153.75458507033,False,0,0.0
83589.68096354883,False,0,0.0
82687.30741320828,False,0,0.0
84676.77269850162,False,0,0.0
83492.5470101932,False,0,0.0
83630.4208168221,False,0,0.0
83120.79933418828,False,0,0.0
84138.47258744523,False,0,0.0
83601.36091912788,False,0,0.0
83930.90338977057,False,0,0.0
82986.03137802702,False,0,0.0
84145.99218711608,False,0,0.0
82834.02731470496,False,0,0.0
84227.25347263413,False,0,0.0
82548.35037800879,False,0,0.0
83083.31874656184,False,0,0.0
83306.12367741289,False,0,0.0
83388.16956564806,False,0,0.0
84062.72844081683,False,0,0.0
83447.07490864655,False,0,0.0
83373.0682958689,False,0,0.0
83329.82574682264,False,0,0.0
84021.87017386057,False,0,0.0
84134.84443964987,False,0,0.0
83444.48081952639,False,0,0.0
84423.4203847164,False,0,0.0
83111.00380148299,False,0,0.0
84051.37698674854,False,0,0.0
84055.89588970493,False,0,0.0
82906.63489051699,False,0,0.0
83419.56606425613,False,0,0.0
84080.28622589035,False,0,0.0
83463.49692848985,False,0,0.0
82586.56657515667,False,0,0.0
82394.1886403366,False,0,0.0
83794.62697181082,False,0,0.0
84897.90106244694,False,0,0.0
82363.29260175966,False,0,0.0
83529.18700880843,False,0,0.0
83399.20188925252,False,0,0.0
83375.29485709575,False,0,0.0
83692.36277743624,False,0,0.0
82952.7018321846,False,0,0.0
83434.84269343124,False,0,0.0
83450.80720136146,False,0,0.0
83718.9977989079,False,0,0.0
84716.43457603676,False,0,0.0
83312.58312508094,False,0,0.0
83405.03618157878,False,0,0.0
82857.60165012348,False,0,0.0
84884.64262241278,False,0,0.0
83736.13048115786,False,0,0.0
83659.80619680039,False,0,0.0
83843.50332674614,False,0,0.0
82807.6923627246,False,0,0.0
83698.12366433357,False,0,0.0
84008.36157974106,False,0,0.0
84260.02825758097,False,0,0.0
83778.60024678105,False,0,0.0
84553.66366373247,False,0,0.0
83531.0287577683,False,0,0.0
83674.37280441036,False,0,0.0
83639.5827021177,False,0,0.0
84830.29099933605,False,0,0.0
83807.53347031974,False,0,0.0
84167.55599526918,False,0,0.0
84115.11505788658,False,0,0.0
84275.33855529837,False,0,0.0
83419.7569064583,False,0,0.0
85276.08828171898,False,0,0.0
83441.45948843044,False,0,0.0
83814.55265632819,False,0,0.0
82401.04572854994,False,0,0.0
82728.1152171123,False,0,0.0
83436.86831788378,False,0,0.0
83265.76191975486,False,0,0.0
83917.45923948297,False,0,0.0
83779.66802358537,False,0,0.0
83287.19041818919,False,0,0.0
82639.9222899639,False,0,0.0
83109.49987092841,False,0,0.0
83788.56050829106,False,0,0.0
83318.87275804099,False,0,0.0
83115.86824790429,False,0,0.0
83260.37231558273,False,0,0.0
83874.47709128849,False,0,0.0
83106.9632361349,False,0,0.0
84082.44020941746,False,0,0.0
84301.55397180073,False,0,0.0
83370.36043888784,False,0,0.0
82902.08621956839,False,0,0.0
84138.616204674,False,0,0.0
82706.27607221119,False,0,0.0
83150.06404723051,False,0,0.0
83148.53604962074,False,0,0.0
83181.94819775938,False,0,0.0
84760.26406099826,False,0,0.0
83908.8644825554,False,0,0.0
82521.04259789534,False,0,0.0
83055.81269974491,False,0,0.0
82734.8765574058,False,0,0.0
83357.51657954868,False,0,0.0
83329.6255364806,False,0,0.0
84175.45084882704,False,0,0.0
83114.02542720258,False,0,0.0
83593.9876962888,False,0,0.0
83560.2539288601,False,0,0.0
83001.23402492137,False,0,0.0
83190.2637485801,False,0,0.0
83143.90351736953,False,0,0.0
84054.33778869607,False,0,0.0
83099.74270067003,False,0,0.0
84540.44207788992,False,0,0.0
82469.20038765212,False,0,0.0
83610.1636719154,False,0,0.0
83692.65138387724,False,0,0.0
83465.7582694843,False,0,0.0
83783.58762280285,False,0,0.0
84000.95474590553,False,0,0.0
83419.81908661236,False,0,0.0
84677.72006258131,False,0,0.0
83884.14605683534,False,0,0.0
83798.25760380307,False,0,0.0
83766.28395327275,False,0,0.0
82935.80099235238,False,0,0.0
82743.2994936203,False,0,0.0
83288.77061294799,False,0,0.0
83726.71771819546,False,0,0.0
84135.84937631397,False,0,0.0
83558.27755286063,False,0,0.0
84001.5613647516,False,0,0.0
83136.99333185823,False,0,0.0
84708.96057928225,False,0,0.0
83647.0053790697,False,0,0.0
82756.42730880549,False,0,0.0
82698.57805912668,False,0,0.0
84545.04793194373,False,0,0.0
84677.96476833371,False,0,0.0
83192.4402952197,False,0,0.0
84539.79116314602,False,0,0.0
84068.65148411866,False,0,0.0
84019.13152515917,False,0,0.0
83605.34555494187,False,0,0.0
84479.77095243646,False,0,0.0
83320.64136564212,False,0,0.0
85005.02754749873,False,0,0.0
82508.41790387893,False,0,0.0
83188.49675366562,False,0,0.0
83342.83539539723,False,0,0.0
84053.69211538688,False,0,0.0
83270.39719644653,False,0,0.0
83745.86479110597,False,0,0.0
83733.51811984958,False,0,0.0
84090.17770768749,False,0,0.0
83695.45737792389,False,0,0.0
83710.37777351776,False,0,0.0
84335.17663503294,False,0,0.0
84856.50586535005,False,0,0.0
83601.60666492715,False,0,0.0
82732.20629709153,False,0,0.0
83144.44150179805,False,0,0.0
83675.47264115595,False,0,0.0
83467.41631728101,False,0,0.0
83498.06651286827,False,0,0.0
82721.24192335301,False,0,0.0
83540.49846391816,False,0,0.0
83380.03599253348,False,0,0.0
84225.46014618652,False,0,0.0
84975.2877417945,False,0,0.0
83485.95359076106,False,0,0.0
82917.34780614963,False,0,0.0
83309.63018910387,False,0,0.0
83926.14522401663,False,0,0.0
83293.59559470936,False,0,0.0
83441.85894694616,False,0,0.0
83448.5147575595,False,0,0.0
83778.10720864095,False,0,0.0
82445.45273149616,False,0,0.0
83701.20222463078,False,0,0.0
83154.09571320031,False,0,0.0
84240.92102242305,False,0,0.0
82433.9919285669,False,0,0.0
83486.35913029133,False,0,0.0
83606.79520835639,False,0,0.0
83337.22694723238,False,0,0.0
84625.51716394146,False,0,0.0
83760.31065194204,False,0,0.0
83300.01460859561,False,0,0.0
83803.77379633908,False,0,0.0
83945.50820023377,False,0,0.0
83754.99585777964,False,0,0.0
83510.78460283112,False,0,0.0
84801.270519176,False,0,0.0
82766.76765850812,False,0,0.0
83183.18246981705,False,0,0.0
82006.98531630168,False,0,0.0
83566.7301605723,False,0,0.0
82526.01697118125,False,0,0.0
82547.76568859848,False,0,0.0
83455.69794341334,False,0,0.0
83316.339779367,False,0,0.0
83289.65525269581,False,0,0.0
83118.95621177505,False,0,0.0
82779.36164724501,False,0,0.0
82878.50435196051,False,0,0.0
83367.56631199007,False,0,0.0
84365.95838428222,False,0,0.0
83176.97482258154,False,0,0.0
84067.3994626413,False,0,0.0
82841.54084911339,False,0,0.0
83800.70086355807,False,0,0.0
83920.46110767018,False,0,0.0
83231.90180193598,False,0,0.0
83236.68603777821,False,0,0.0
82901.51056076883,False,0,0.0
84220.06341019753,False,0,0.0
83855.05126438884,False,0,0.0
82824.2383971657,False,0,0.0
82916.9482589959,False,0,0.0
84712.65211669091,False,0,0.0
82513.9044063596,False,0,0.0
83635.8903609384,False,0,0.0
83709.32679933308,False,0,0.0
83911.07442829575,False,0,0.0
83610.8785269654,False,0,0.0
83045.87514393256,False,0,0.0
82821.80017704869,False,0,0.0
83801.81486970228,False,0,0.0
83687.12041767701,False,0,0.0
83419.02462868704,False,0,0.0
83412.81354669126,False,0,0.0
83347.81113079708,False,0,0.0
83998.00997879177,False,0,0.0
84100.94404141742,False,0,0.0
82208.0980089383,False,0,0.0
83587.49247451057,False,0,0.0
84048.46950022179,False,0,0.0
82972.5081360845,False,0,0.0
84089.25340539354,False,0,0.0
82613.24143234993,False,0,0.0
84143.85144823894,False,0,0.0
84431.94860660809,False,0,0.0
83160.45740504863,False,0,0.0
83871.95292635799,False,0,0.0
82646.75237038813,False,0,0.0
84842.74975454116,False,0,0.0
83276.27853606458,False,0,0.0
82573.26211823567,True,1,868.4417400000002
84077.271787911,False,0,0.0
84456.51555358252,False,0,0.0
83277.63852414128,False,0,0.0
84235.51268488387,False,0,0.0
83456.26375489275,False,0,0.0
82784.26573679264,False,0,0.0
83687.70778574198,False,0,0.0
84336.54862570894,False,0,0.0
84046.17036779178,False,0,0.0
84082.95834885832,False,0,0.0
83421.93122803568,False,0,0.0
82660.8401406261,False,0,0.0
82747.2267444435,False,0,0.0
84293.32688348123,False,0,0.0
84283.70966404388,False,0,0.0
83720.53444777563,False,0,0.0
84080.58403910328,False,0,0.0
83398.88012903961,False,0,0.0
83277.06610139369,False,0,0.0
83127.30034526368,False,0,0.0
83895.4935443763,False,0,0.0
83598.29811009314,False,0,0.0
83550.79316274941,False,0,0.0
83627.04538979795,False,0,0.0
82927.07596737146,False,0,0.0
83841.96830789967,False,0,0.0
83900.77749646496,False,0,0.0
83427.64735867092,False,0,0.0
83996.20201737688,False,0,0.0
83924.98242697305,False,0,0.0
82665.70442884094,False,0,0.0
83862.13738155074,False,0,0.0
83121.1048237312,False,0,0.0
83484.83223906369,False,0,0.0
82616.46705726958,False,0,0.0
84323.47169831027,False,0,0.0
83724.15175129253,False,0,0.0
84497.30758807022,False,0,0.0
84005.05726216148,False,0,0.0
83956.75156526739,False,0,0.0
82825.4083442307,False,0,0.0
83865.67749375675,False,0,0.0
84503.44009674643,False,0,0.0
83609.57399428746,False,0,0.0
83203.88952007494,False,0,0.0
82545.481250223,False,0,0.0
83968.36456633682,False,0,0.0
83878.1701277552,False,0,0.0
83153.23458153676,False,0,0.0
82955.98785672238,False,0,0.0
82957.21062381411,False,0,0.0
83418.69830438626,False,0,0.0
83117.58628180175,False,0,0.0
83536.15421696093,False,0,0.0
83862.71859523462,False,0,0.0
83230.07366601743,False,0,0.0
84246.00140401158,False,0,0.0
84022.33687073659,False,0,0.0
84707.33257097928,False,0,0.0
83925.17562472133,False,0,0.0
84695.60857385298,False,0,0.0
83328.40882192529,False,0,0.0
82353.4056484745,False,0,0.0
84012.49351650503,False,0,0.0
82880.34799845918,False,0,0.0
84171.50065895345,False,0,0.0
82952.70941387027,False,0,0.0
82536.88905004368,False,0,0.0
82772.5687452722,False,0,0.0
84317.9455441588,False,0,0.0
83337.77157830159,False,0,0.0
84173.0934349584,False,0,0.0
83162.15969113486,False,0,0.0
83871.55278681463,False,0,0.0
83328.18531145994,False,0,0.0
82554.51840609364,False,0,0.0
82509.20917185608,False,0,0.0
82644.65216980966,False,0,0.0
83356.1002238952,False,0,0.0
83040.74068614218,False,0,0.0
83704.38281942815,False,0,0.0
83759.27413549104,False,0,0.0
83262.294016133,False,0,0.0
81858.84053904179,False,0,0.0
82696.68132205383,False,0,0.0
83384.44157470576,False,0,0.0
83102.29724562145,False,0,0.0
83325.91962363641,False,0,0.0
84915.0988732948,False,0,0.0
83260.71288921661,False,0,0.0
84153.72912803094,False,0,0.0
83925.63504062858,False,0,0.0
84002.69372198795,False,0,0.0
82744.85238637606,False,0,0.0
82539.76348602014,False,0,0.0
83542.31684910142,False,0,0.0
83770.56369701368,False,0,0.0
82426.58559745034,False,0,0.0
82369.6552412856,False,0,0.0
82859.89179738038,False,0,0.0
83349.98061532454,False,0,0.0
83672.57696623699,False,0,0.0
83571.90075982374,False,0,0.0
83426.78730065971,False,0,0.0
84201.21240696611,False,0,0.0
84983.00321597795,False,0,0.0
83495.19108872557,False,0,0.0
83907.83969641893,False,0,0.0
83323.52555675054,False,0,0.0
83456.24082132935,False,0,0.0
83341.84590072962,False,0,0.0
82905.36355644804,False,0,0.0
83031.03544323076,False,0,0.0
83032.78659217113,False,0,0.0
83758.40253100096,False,0,0.0
83519.60721659366,False,0,0.0
84372.54153126053,False,0,0.0
83197.39057824854,False,0,0.0
83410.06696786825,False,0,0.0
83059.32058033164,False,0,0.0
83651.7271707115,False,0,0.0
83273.54572424188,False,0,0.0
83626.68199363376,False,0,0.0
83577.00445964525,False,0,0.0
83096.10019463865,False,0,0.0
83065.00316396859,False,0,0.0
82998.72141048007,False,0,0.0
82643.72791998053,False,0,0.0
84500.08712987366,False,0,0.0
83835.33998027633,False,0,0.0
83755.39313574697,False,0,0.0
84339.82814338314,False,0,0.0
83828.87417072573,False,0,0.0
83798.42061109561,False,0,0.0
84485.2706035044,False,0,0.0
83794.11573837246,False,0,0.0
83489.72947100195,False,0,0.0
84805.04556237196,False,0,0.0
84262.75940199345,False,0,0.0
83912.87533523786,False,0,0.0
84366.3111151806,False,0,0.0
83868.09804007184,False,0,0.0
83266.1003155854,False,0,0.0
83509.92286628112,False,0,0.0
82766.31402638185,False,0,0.0
83869.03631222434,False,0,0.0
84041.27075834325,False,0,0.0
83099.18629558338,False,0,0.0
84044.48539089994,False,0,0.0
84003.76476752118,False,0,0.0
84286.58544528535,False,0,0.0
82815.77210453336,False,0,0.0
83182.77674063192,False,0,0.0
83443.17627430588,False,0,0.0
83753.57450617087,False,0,0.0
83594.71421528977,False,0,0.0
82651.14159141804,False,0,0.0
83866.75927095256,False,0,0.0
83466.93615153665,False,0,0.0
83456.53940076972,False,0,0.0
83018.10791706134,False,0,0.0
83875.99714709792,False,0,0.0
83221.58579282709,False,0,0.0
83494.09987861823,False,0,0.0
82717.71182836656,False,0,0.0
83714.03214213454,False,0,0.0
83229.8144359146,False,0,0.0
83020.81315424744,False,0,0.0
84381.61043979345,False,0,0.0
83117.61029893432,False,0,0.0
84398.20121518867,False,0,0.0
84312.94375670381,False,0,0.0
83110.59923022409,False,0,0.0
83412.68877427038,False,0,0.0
83475.57131713873,False,0,0.0
84001.56534205907,False,0,0.0
83237.19401374935,False,0,0.0
82857.11624860995,False,0,0.0
84365.48034124626,False,0,0.0
83639.55869802293,False,0,0.0
83303.53423240644,False,0,0.0
84277.92217887427,False,0,0.0
82776.26014329414,False,0,0.0
84292.40864806867,False,0,0.0
83065.97293132961,False,0,0.0
83357.95981733235,False,0,0.0
83971.7293420102,False,0,0.0
83347.85119659126,False,0,0.0
83889.57530976685,False,0,0.0
84084.83353302516,False,0,0.0
83655.0028011153,False,0,0.0
84137.03992504826,False,0,0.0
83923.25036178567,False,0,0.0
84889.42052052397,False,0,0.0
82842.78979889062,False,0,0.0
83769.22328819605,False,0,0.0
83438.61895354213,False,0,0.0
83619.14222647974,False,0,0.0
83176.91152910734,False,0,0.0
82490.29576689578,False,0,0.0
84539.65678678764,False,0,0.0
83347.22907841759,False,0,0.0
83317.05173598837,False,0,0.0
84120.97970926693,False,0,0.0
83224.39394807434,False,0,0.0
83401.82150573275,False,0,0.0
82967.99308742005,False,0,0.0
83148.20245210195,False,0,0.0
83904.80074936205,False,0,0.0
84691.30814466401,False,0,0.0
83598.94631229521,False,0,0.0
83803.49280169062,False,0,0.0
83811.54016599065,False,0,0.0
83449.29746366694,False,0,0.0
82370.17376320067,False,0,0.0
82741.20483294426,False,0,0.0
83679.93709776568,False,0,0.0
83743.11965825033,False,0,0.0
83106.8413803128,False,0,0.0
82701.08156411842,False,0,0.0
84119.91861979109,False,0,0.0
84333.39365360136,False,0,0.0
83819.69399681798,False,0,0.0
83605.23120401104,False,0,0.0
83722.4834337314,False,0,0.0
84392.72422666634,False,0,0.0
83839.1911882722,False,0,0.0
83528.81995290979,False,0,0.0
83381.69622340184,False,0,0.0
83550.67042771663,False,0,0.0
83073.10357341409,False,0,0.0
82706.66934143651,False,0,0.0
84105.26875766234,False,0,0.0
82587.03012152693,False,0,0.0
83795.28871725974,False,0,0.0
84233.79373552513,False,0,0.0
83844.99443183173,False,0,0.0
84203.74625492754,False,0,0.0
83623.36733078054,False,0,0.0
84217.98438056593,False,0,0.0
84207.55128084004,False,0,0.0
83371.76491593377,False,0,0.0
82755.04591236662,False,0,0.0
83563.53846892096,False,0,0.0
83167.64814640945,False,0,0.0
83779.03862481864,False,0,0.0
83540.36859692195,False,0,0.0
83423.32260726615,False,0,0.0
83243.54978927103,False,0,0.0
83777.60003687309,False,0,0.0
84615.5835279428,False,0,0.0
83748.74215584516,False,0,0.0
84235.97683921133,False,0,0.0
82313.61588773577,False,0,0.0
82308.1244328488,False,0,0.0
84207.85180558969,False,0,0.0
83490.84198658484,False,0,0.0
82704.63438365456,False,0,0.0
84210.44995960235,False,0,0.0
83053.72848396646,False,0,0.0
83250.09447157737,False,0,0.0
83512.64562573735,False,0,0.0
83116.35871819065,False,0,0.0
82952.95107698046,False,0,0.0
83164.22568724904,False,0,0.0
82662.46905661386,False,0,0.0
83553.9864857679,False,0,0.0
83398.59010683064,False,0,0.0
83061.30882366924,False,0,0.0
83077.48261312876,False,0,0.0
84458.20570432348,False,0,0.0
83328.20531328334,False,0,0.0
84320.97300524564,False,0,0.0
84010.50749672913,False,0,0.0
84126.5518449442,False,0,0.0
83042.52299733911,False,0,0.0
83575.38327497334,False,0,0.0
82718.95988185701,False,0,0.0
83498.44671758168,False,0,0.0
83084.86040832271,False,0,0.0
82758.99660576854,False,0,0.0
83928.03170224855,False,0,0.0
82900.03658491507,False,0,0.0
83594.51281646674,False,0,0.0
82181.20622088612,False,0,0.0
83612.78954436327,False,0,0.0
82456.6436437396,False,0,0.0
83474.47687952714,False,0,0.0
83150.74731909865,False,0,0.0
82445.65399384266,False,0,0.0
83711.12104460914,False,0,0.0
83684.08924193439,False,0,0.0
83976.39127403722,False,0,0.0
83592.7405004943,False,0,0.0
82429.37689052094,False,0,0.0
82996.9174338865,False,0,0.0
82838.7075151661,False,0,0.0
83789.62284353728,False,0,0.0
84260.5969864276,False,0,0.0
82880.61192592484,False,0,0.0
83947.83019133045,False,0,0.0
83719.1549299313,False,0,0.0
83134.33544932748,False,0,0.0
82138.51613436524,False,0,0.0
84094.16611273208,False,0,0.0
84238.24959374114,False,0,0.0
83863.35356893585,False,0,0.0
84166.59384087787,False,0,0.0
83502.07241690985,False,0,0.0
83098.89874551242,False,0,0.0
84190.89493241796,False,0,0.0
85181.79387493202,False,0,0.0
83348.09976115217,False,0,0.0
83099.71293053054,False,0,0.0
82994.51426399931,False,0,0.0
83537.44270554505,False,0,0.0
83757.46029567163,False,0,0.0
84412.99657692658,False,0,0.0
83425.06917665375,False,0,0.0
83582.64026354736,False,0,0.0
84477.75503426393,False,0,0.0
83336.88106182814,False,0,0.0
83602.09085948986,False,0,0.0
83389.50069670498,False,0,0.0
83426.38097622413,False,0,0.0
82702.74359422715,False,0,0.0
84658.3303173904,False,0,0.0
83666.75855312267,False,0,0.0
82940.61099771687,False,0,0.0
83276.93600105602,False,0,0.0
82927.25442909234,False,0,0.0
83453.86560785107,False,0,0.0
83412.45664233348,False,0,0.0
83622.66270037016,False,0,0.0
82881.33756473147,False,0,0.0
84472.13593872561,False,0,0.0
83921.43979156876,False,0,0.0
83951.04576784014,False,0,0.0
83627.64096067689,False,0,0.0
82715.00770600128,False,0,0.0
83490.49410376065,False,0,0.0
82852.86113788781,False,0,0.0
83583.88603501345,False,0,0.0
82680.18119248378,False,0,0.0
83354.50198810191,False,0,0.0
84490.35940560335,False,0,0.0
83389.36037726888,False,0,0.0
84404.30698317225,False,0,0.0
84435.79881761392,False,0,0.0
82900.45098873114,False,0,0.0
83318.41758554062,False,0,0.0
84083.2050765137,False,0,0.0
83578.62037937979,False,0,0.0
83021.91399073342,False,0,0.0
83512.08556902852,False,0,0.0
83085.17976705648,False,0,0.0
83526.75399623672,False,0,0.0
83548.59156090663,False,0,0.0
83203.06516428928,False,0,0.0
84036.53169752026,False,0,0.0
83002.71876518804,False,0,0.0
83691.6281892357,False,0,0.0
83363.24173572836,False,0,0.0
82753.95046461487,False,0,0.0
83370.92917254352,False,0,0.0
83154.47249562791,False,0,0.0
83911.23752177402,False,0,0.0
83185.35699785082,False,0,0.0
83504.88079261438,False,0,0.0
83604.71305189322,False,0,0.0
84115.52302510588,False,0,0.0
83562.74697285632,False,0,0.0
83499.41577795801,False,0,0.0
84274.94160236328,False,0,0.0
83895.18939489835,False,0,0.0
83855.51332772945,False,0,0.0
83269.0242610145,False,0,0.0
83070.69734319237,False,0,0.0
82908.54733127091,False,0,0.0
83746.7434554837,False,0,0.0
83651.8568312856,False,0,0.0
84208.91459624897,False,0,0.0
83206.01763640303,False,0,0.0
83040.9610311387,False,0,0.0
83095.94324173767,False,0,0.0
84336.55776835253,False,0,0.0
83634.28334423903,False,0,0.0
83599.57095715686,False,0,0.0
83209.73596537852,False,0,0.0
84026.09329568924,False,0,0.0
83964.96987198343,False,0,0.0
83302.16530990455,False,0,0.0
84481.42510345299,False,0,0.0
84214.2667354068,False,0,0.0
83121.2328722325,False,0,0.0
83369.02747725544,False,0,0.0
83605.23656138362,False,0,0.0
82931.1713044956,False,0,0.0
83755.59929989246,False,0,0.0
83038.15554243317,False,0,0.0
83600.84485726822,False,0,0.0
82897.67949362868,False,0,0.0
83196.76122083032,False,0,0.0
83456.75975636058,False,0,0.0
83919.91293480495,False,0,0.0
83370.95772904842,False,0,0.0
82083.83973115307,False,0,0.0
83970.80708320069,False,0,0.0
84191.96057193432,False,0,0.0
83905.49945690657,False,0,0.0
83304.6446400886,False,0,0.0
82870.4656466593,False,0,0.0
84154.95194466409,False,0,0.0
84383.30465587306,False,0,0.0
82654.42049884383,False,0,0.0
82294.62526479986,False,0,0.0
82720.61887764945,False,0,0.0
84002.92780178119,False,0,0.0
84068.52512209343,False,0,0.0
83628.6128675945,False,0,0.0
83391.64136954029,False,0,0.0
83310.5555222168,False,0,0.0
83376.63541553334,False,0,0.0
83151.72704140862,False,0,0.0
82853.09093509661,False,0,0.0
83296.48064617006,False,0,0.0
85149.92791477153,False,0,0.0
85038.05718214888,False,0,0.0
83334.91029774633,False,0,0.0
82725.49858628101,False,0,0.0
82916.3699662667,False,0,0.0
83935.58579057599,False,0,0.0
84514.89719505454,False,0,0.0
82209.25805879082,False,0,0.0
85054.10356233324,False,0,0.0
82458.56793253883,False,0,0.0
83685.7947429287,False,0,0.0
82464.02078718062,True,1,518.8370799999993
82758.47616570842,False,0,0.0
83017.29864664812,False,0,0.0
83763.65600781923,False,0,0.0
84594.5918975413,False,0,0.0
84332.22156078511,False,0,0.0
83701.29350293781,False,0,0.0
82952.06321804109,False,0,0.0
83484.97268449006,False,0,0.0
83973.10166926323,False,0,0.0
83252.47673135927,False,0,0.0
83236.48409898674,False,0,0.0
83818.77495383681,False,0,0.0
83749.11328732586,False,0,0.0
82089.20296354598,False,0,0.0
83162.01565495347,False,0,0.0
82405.72858970161,False,0,0.0
83503.3059459003,False,0,0.0
83367.58543954787,True,1,457.94923899999776
84778.40663799441,False,0,0.0
84901.56056181694,False,0,0.0
83827.29750883402,False,0,0.0
84263.43558138268,False,0,0.0
84276.83245528935,False,0,0.0
82869.80604790218,False,0,0.0
83180.40981696994,False,0,0.0
83045.54557930445,False,0,0.0
83630.92049202185,False,0,0.0
83516.28614566721,False,0,0.0
83257.49089366724,False,0,0.0
84284.0999873562,False,0,0.0
82703.32100014373,False,0,0.0
83000.80534100858,False,0,0.0
84058.0411501787,False,0,0.0
82637.78297770504,False,0,0.0
83031.52751243507,False,0,0.0
83845.98242527574,False,0,0.0
83126.39560918006,False,0,0.0
81942.53185606182,False,0,0.0
83448.36988493061,False,0,0.0
83130.51325516813,False,0,0.0
82762.22574065393,False,0,0.0
83399.92660458465,False,0,0.0
84947.65068405922,False,0,0.0
83259.60846829097,False,0,0.0
84168.39546767101,False,0,0.0
84093.01015763101,False,0,0.0
83451.31708587983,False,0,0.0
84476.34394599922,False,0,0.0
83266.53911193057,False,0,0.0
84524.91514688506,False,0,0.0
84451.06852184582,False,0,0.0
84676.92595484175,False,0,0.0
83769.88814205228,False,0,0.0
83857.98027853119,False,0,0.0
83704.08801139254,False,0,0.0
84322.4832523892,False,0,0.0
83687.89881324148,False,0,0.0
83694.16624774583,False,0,0.0
83576.49607004851,False,0,0.0
83024.58866253839,False,0,0.0
83957.80986991778,False,0,0.0
82704.88768240214,False,0,0.0
83009.14791234385,False,0,0.0
82894.67592903257,False,0,0.0
83486.81985501258,False,0,0.0
83646.36499766794,False,0,0.0
82671.63596247071,False,0,0.0
83381.21940750696,False,0,0.0
83113.79223195935,False,0,0.0
83556.66820149226,False,0,0.0
84042.37115380605,False,0,0.0
82648.45549290505,False,0,0.0
84175.68949371578,False,0,0.0
84003.83100840525,False,0,0.0
83870.03918645275,False,0,0.0
84139.80214054411,False,0,0.0
84156.90958025676,False,0,0.0
83271.77498312142,False,0,0.0
84221.46016143731,False,0,0.0
82621.4495074699,False,0,0.0
83451.76524270547,False,0,0.0
83836.61336557037,False,0,0.0
83247.36850445996,False,0,0.0
83679.07101785358,False,0,0.0
83879.90609133634,False,0,0.0
83334.95625831999,False,0,0.0
83798.12961684364,False,0,0.0
83621.4569992272,False,0,0.0
83680.0935624938,False,0,0.0
83845.35664583801,False,0,0.0
83805.74944179223,False,0,0.0
82883.20776759622,False,0,0.0
82947.40710924237,False,0,0.0
83868.91796356563,False,0,0.0
83914.92325329036,False,0,0.0
83222.63811441144,False,0,0.0
84601.19371698776,False,0,0.0
84289.0633884509,False,0,0.0
82790.66230646754,False,0,0.0
83630.41033038158,False,0,0.0
83754.30899798826,False,0,0.0
84366.71028797026,False,0,0.0
83365.2462857072,False,0,0.0
83514.33481375163,False,0,0.0
83798.87219655176,False,0,0.0
84509.86437564276,False,0,0.0
83502.77728478567,False,0,0.0
82371.7673063314,False,0,0.0
83130.90508147093,False,0,0.0
83834.89884998373,False,0,0.0
83706.64189410416,False,0,0.0
84448.43163358822,False,0,0.0
84438.5110103616,False,0,0.0
83893.0201818585,False,0,0.0
83915.96875023242,False,0,0.0
83775.2912618832,True,1,457.94923899999776
83126.6692874009,False,0,0.0
82839.43792190668,False,0,0.0
83329.8672687479,False,0,0.0
84819.08373320941,False,0,0.0
83346.8705498295,False,0,0.0
83548.25970567681,False,0,0.0
84392.72182927627,False,0,0.0
84527.16283634519,False,0,0.0
82935.58692401803,False,0,0.0
82992.0222367673,False,0,0.0
84010.62116776683,False,0,0.0
83826.85623342014,False,0,0.0
82704.49596111773,False,0,0.0
82511.73422989434,False,0,0.0
84153.74875402162,False,0,0.0
83317.47944991139,False,0,0.0
83508.4474185768,False,0,0.0
84098.2446350838,False,0,0.0
83645.95854982629,False,0,0.0
84228.61103156285,False,0,0.0
84658.29986426645,False,0,0.0
84002.305605233,False,0,0.0
83962.46774655924,False,0,0.0
82979.55097551618,False,0,0.0
82931.92769193344,False,0,0.0
82814.8977445616,False,0,0.0
83373.00342601644,False,0,0.0
84295.52024609558,False,0,0.0
83983.30598063616,False,0,0.0
84278.73380281271,False,0,0.0
83621.08681849504,False,0,0.0
83984.82680981295,False,0,0.0
83369.99162395229,False,0,0.0
84025.44309343213,False,0,0.0
82402.0783554496,False,0,0.0
83130.47079667964,False,0,0.0
83668.50500011432,False,0,0.0
83893.78143319316,False,0,0.0
84117.13991491383,False,0,0.0
84292.81102470378,False,0,0.0
84112.05497047276,False,0,0.0
84202.37411899614,False,0,0.0
83177.94708055301,False,0,0.0
84055.9615916079,False,0,0.0
83609.53517439225,False,0,0.0
83321.64705422768,False,0,0.0
83246.8338377217,False,0,0.0
84307.3327661459,False,0,0.0
83795.56360293971,False,0,0.0
82437.10582355883,False,0,0.0
81969.23671155595,False,0,0.0
84061.58398892943,False,0,0.0
84319.08773765452,False,0,0.0
82888.4112835225,False,0,0.0
82745.33985697097,False,0,0.0
83102.91323007416,False,0,0.0
83090.69387973212,False,0,0.0
83480.21852621814,False,0,0.0
84874.47236496181,False,0,0.0
82902.48864855144,False,0,0.0
83550.36640312574,False,0,0.0
83248.53090729183,False,0,0.0
83019.51390448492,False,0,0.0
82862.74033917172,False,0,0.0
83132.14310869662,False,0,0.0
83151.2513154969,False,0,0.0
83875.01697214824,False,0,0.0
82633.31780604737,False,0,0.0
83372.14534694325,False,0,0.0
83634.9425912018,False,0,0.0
83828.53249766058,False,0,0.0
82533.0703916008,False,0,0.0
83774.16144275526,False,0,0.0
83447.6765959239,False,0,0.0
83704.55464366815,False,0,0.0
84414.07672735512,False,0,0.0
84059.0330408483,False,0,0.0
83753.41263002614,False,0,0.0
82657.8011082803,False,0,0.0
83519.97016235995,False,0,0.0
84690.49597085471,False,0,0.0
83924.31285084148,False,0,0.0
83678.88681954527,False,0,0.0
84209.88142173973,False,0,0.0
83685.03218698318,False,0,0.0
83981.97600798775,False,0,0.0
83322.11410788515,False,0,0.0
84455.27893580994,False,0,0.0
83150.23431149469,False,0,0.0
83613.54205882721,False,0,0.0
84728.85732139187,False,0,0.0
82912.83847120698,False,0,0.0
83943.11007528464,False,0,0.0
84004.30906025937,False,0,0.0
83468.45993600198,False,0,0.0
84867.28179716026,False,0,0.0
82807.12004071614,False,0,0.0
83051.96654792906,False,0,0.0
83063.83967767576,False,0,0.0
83373.60517199282,False,0,0.0
83255.00120143694,False,0,0.0
82851.8955044346,False,0,0.0
84478.26821128668,False,0,0.0
82510.64087574299,False,0,0.0
83447.4853479891,False,0,0.0
82901.97837912597,False,0,0.0
84517.27304750198,False,0,0.0
82907.94417257342,False,0,0.0
83704.34853619497,False,0,0.0
83416.77107423713,False,0,0.0
82978.06963292626,False,0,0.0
83785.77453145318,False,0,0.0
83750.12530401236,False,0,0.0
83371.28678431292,False,0,0.0
84089.17851575429,False,0,0.0
83208.72536543733,False,0,0.0
82964.46282132507,False,0,0.0
83830.929461803,False,0,0.0
83311.1183700349,False,0,0.0
84302.36715461979,False,0,0.0
83982.93462695871,False,0,0.0
84094.36440543926,False,0,0.0
83750.61029633737,False,0,0.0
83865.83223606818,False,0,0.0
84487.76153660458,False,0,0.0
83589.7426072657,False,0,0.0
83928.98050116737,False,0,0.0
83846.96692527115,False,0,0.0
84527.66479579199,False,0,0.0
84105.39401006505,False,0,0.0
84175.12036139877,False,0,0.0
82833.85940889822,False,0,0.0
83290.65975291457,False,0,0.0
83564.54318942057,False,0,0.0
83960.98319083785,False,0,0.0
83633.8946826676,False,0,0.0
83721.6528155615,False,0,0.0
83005.27907292038,False,0,0.0
83476.97027390357,False,0,0.0
83530.4683628561,False,0,0.0
83589.61842790272,False,0,0.0
83814.34890469658,False,0,0.0
84201.49601179018,False,0,0.0
84639.31795952786,False,0,0.0
82855.2518732271,False,0,0.0
83730.89146871713,False,0,0.0
83273.46935737663,False,0,0.0
84012.31916771711,False,0,0.0
83763.98157512829,False,0,0.0
83765.07404370532,False,0,0.0
82734.9554590593,False,0,0.0
84483.28479706899,False,0,0.0
83821.14943910658,False,0,0.0
83776.32417403713,True,1,710.0171000000009
84242.54533713679,False,0,0.0
83722.48033469453,False,0,0.0
84437.91605215144,False,0,0.0
83060.00378338515,False,0,0.0
83852.50468443814,False,0,0.0
83197.63320024726,False,0,0.0
83539.96359045594,False,0,0.0
82784.74572740895,False,0,0.0
82896.15572671086,False,0,0.0
82556.79845796303,False,0,0.0
83669.20248838235,False,0,0.0
83387.68328344509,False,0,0.0
85044.40208370924,False,0,0.0
83685.88327311928,False,0,0.0
83506.15436928168,False,0,0.0
83991.55329047017,False,0,0.0
83983.0039259796,False,0,0.0
84129.86047588088,False,0,0.0
82651.64379815217,False,0,0.0
83355.60532697223,False,0,0.0
83396.40887274602,False,0,0.0
83541.09830252905,False,0,0.0
83122.90286572822,False,0,0.0
84030.1659654933,False,0,0.0
83618.75611847299,False,0,0.0
83255.02048358598,False,0,0.0
83631.42452162507,False,0,0.0
83809.36827776092,False,0,0.0
83443.75104355665,False,0,0.0
84019.83830832638,False,0,0.0
83513.1353101132,False,0,0.0
83057.96422683445,False,0,0.0
82875.20771052761,False,0,0.0
82911.0227244718,False,0,0.0
83363.79643410299,False,0,0.0
83716.4026587178,False,0,0.0
83170.14773165464,False,0,0.0
83924.47558981793,False,0,0.0
83294.46926565011,False,0,0.0
83148.07017541808,False,0,0.0
82850.77660558332,False,0,0.0
83905.99042218093,False,0,0.0
84493.08974149931,False,0,0.0
83057.34219838116,False,0,0.0
82772.48805837956,False,0,0.0
83118.50640288758,False,0,0.0
83510.58595604816,False,0,0.0
83558.01144634429,False,0,0.0
83336.81303486181,False,0,0.0
82748.97926375485,False,0,0.0
83697.15981145971,False,0,0.0
83207.02525946067,False,0,0.0
83303.58097924446,False,0,0.0
84140.25108828786,False,0,0.0
83316.89541233466,False,0,0.0
83891.47396115205,False,0,0.0
83712.43941395526,False,0,0.0
84106.40288767993,False,0,0.0
83734.82459331551,False,0,0.0
83071.15423455712,False,0,0.0
83599.89502420936,False,0,0.0
83592.56773650549,False,0,0.0
84249.82936085267,False,0,0.0
84732.75800754607,False,0,0.0
83295.51728142455,False,0,0.0
83109.70717777841,False,0,0.0
83752.83593264705,False,0,0.0
84301.93025670049,False,0,0.0
82193.74386043193,False,0,0.0
83318.33298867705,False,0,0.0
84293.26590997825,False,0,0.0
83730.38089390018,True,1,53.97950800000035
83460.13036041286,False,0,0.0
84311.29488046287,False,0,0.0
83311.40949555441,False,0,0.0
83843.33473728641,False,0,0.0
83497.0481755865,False,0,0.0
84313.03266824057,False,0,0.0
83547.70339136125,False,0,0.0
83428.51546887076,False,0,0.0
83096.0554698456,False,0,0.0
82376.35705967218,False,0,0.0
83065.73026889254,False,0,0.0
84355.895455472,False,0,0.0
83437.56714575505,False,0,0.0
82105.98799556158,False,0,0.0
83203.92899861778,False,0,0.0
82787.74089015904,False,0,0.0
83694.15969285421,False,0,0.0
82659.64848659924,False,0,0.0
82834.50086504096,False,0,0.0
83328.73597108465,False,0,0.0
82591.45376072629,False,0,0.0
83682.57348009077,False,0,0.0
83313.48535368167,False,0,0.0
83076.21013917204,False,0,0.0
84199.9737584733,False,0,0.0
83339.15115005727,False,0,0.0
84280.70574733522,False,0,0.0
84303.30014063003,False,0,0.0
84231.5332153762,False,0,0.0
83289.69670232205,False,0,0.0
83405.15211194118,False,0,0.0
84562.74780891334,False,0,0.0
83160.93317830354,False,0,0.0
83466.58204533927,False,0,0.0
83634.83744499102,False,0,0.0
82864.03335626065,False,0,0.0
84094.69686900766,False,0,0.0
84035.63754527707,False,0,0.0
83150.18234972928,False,0,0.0
82581.96444148585,True,1,1.8189894035458565e-12
83022.73930207212,False,0,0.0
83828.89422043294,False,0,0.0
84188.86591403752,False,0,0.0
82801.45075783288,False,0,0.0
84071.82807029164,False,0,0.0
84623.71237012616,False,0,0.0
82222.90019100468,False,0,0.0
84039.72304147479,False,0,0.0
83058.58788213681,False,0,0.0
84010.28364254917,False,0,0.0
84207.45292815301,False,0,0.0
83524.7546255525,False,0,0.0
84381.93436406596,False,0,0.0
83673.77644071542,False,0,0.0
82812.35107698385,False,0,0.0
83032.63513566076,False,0,0.0
82595.37404599479,False,0,0.0
83062.69143940072,False,0,0.0
81830.30100886169,False,0,0.0
83638.47889006446,False,0,0.0
83106.75491927617,False,0,0.0
83434.88166573763,False,0,0.0
83212.73543715873,False,0,0.0
82486.91646333411,False,0,0.0
84152.7224778932,False,0,0.0
83864.19864503895,False,0,0.0
82697.57379958918,False,0,0.0
83500.85744908894,False,0,0.0
83421.42486730611,False,0,0.0
83383.54928257166,False,0,0.0
84295.37548903025,False,0,0.0
83534.39496403397,False,0,0.0
83380.15314454603,False,0,0.0
83481.0748613893,False,0,0.0
83753.15317365972,False,0,0.0
83207.48588769138,False,0,0.0
82917.79453791592,False,0,0.0
83091.21920596523,False,0,0.0
83736.85995979527,False,0,0.0
83212.33157140165,False,0,0.0
83433.63317473157,False,0,0.0
83943.50522278577,False,0,0.0
84262.08135241785,False,0,0.0
83008.62112389995,False,0,0.0
82501.16864051973,False,0,0.0
85016.91384933206,False,0,0.0
83513.4352668947,False,0,0.0
83984.0347920275,False,0,0.0
83018.78571842579,False,0,0.0
82564.86056943749,False,0,0.0
82857.25774692376,False,0,0.0
